<?xml version="1.0"?>
<!--<!DOCTYPE metadata SYSTEM "http://www.esri.com/metadata/esriprof80.dtd">-->
<metadata xml:lang="en"><Esri><CreaDate>20111017</CreaDate><CreaTime>15385000</CreaTime><SyncOnce>FALSE</SyncOnce><DataProperties><lineage><Process ToolSource="C:\Program Files\ArcGIS\ArcToolbox\Toolboxes\Analysis Tools.tbx\Buffer" Date="20111017" Time="152651">Buffer "SAMPLE_POINTS_TABLE Events" X:\Production\Tmc_Data\Wilmington\Delivery\111017\Pavement.mdb\Sample_Buffers BUFFER_WIDTH FULL FLAT NONE #</Process><Process ToolSource="C:\Program Files\ArcGIS\ArcToolbox\Toolboxes\Conversion Tools.tbx\FeatureClassToFeatureClass" Date="20120129" Time="085137">FeatureClassToFeatureClass X:\Production\Tmc_Data\Wilmington\ArcServer\ArcServer111017.mdb\Sample_Buffers "C:\Documents and Settings\shale\Desktop" Wilmington_Sample_Buffers.shp # "LineID 'LineID' true false false 4 Long 0 0 ,First,#,X:\Production\Tmc_Data\Wilmington\ArcServer\ArcServer111017.mdb\Sample_Buffers,LineID,-1,-1;SampleNumb 'SampleNumb' true true false 255 Text 0 0 ,First,#,X:\Production\Tmc_Data\Wilmington\ArcServer\ArcServer111017.mdb\Sample_Buffers,SampleNumber,-1,-1;Milepost 'Milepost' true false false 8 Double 0 0 ,First,#,X:\Production\Tmc_Data\Wilmington\ArcServer\ArcServer111017.mdb\Sample_Buffers,Milepost,-1,-1;ToMp 'ToMp' true false false 8 Double 0 0 ,First,#,X:\Production\Tmc_Data\Wilmington\ArcServer\ArcServer111017.mdb\Sample_Buffers,ToMp,-1,-1;Distance 'Distance' true false false 8 Double 0 0 ,First,#,X:\Production\Tmc_Data\Wilmington\ArcServer\ArcServer111017.mdb\Sample_Buffers,Distance,-1,-1;LRSFROMMP 'LRSFROMMP' true false false 8 Double 0 0 ,First,#,X:\Production\Tmc_Data\Wilmington\ArcServer\ArcServer111017.mdb\Sample_Buffers,LRSFROMMP,-1,-1;LRSTOMP 'LRSTOMP' true false false 8 Double 0 0 ,First,#,X:\Production\Tmc_Data\Wilmington\ArcServer\ArcServer111017.mdb\Sample_Buffers,LRSTOMP,-1,-1;BUFFERMP_1 'BUFFERMP_1' true true false 8 Double 0 0 ,First,#,X:\Production\Tmc_Data\Wilmington\ArcServer\ArcServer111017.mdb\Sample_Buffers,BUFFERMP_1,-1,-1;BUFFERMP_2 'BUFFERMP_2' true true false 8 Double 0 0 ,First,#,X:\Production\Tmc_Data\Wilmington\ArcServer\ArcServer111017.mdb\Sample_Buffers,BUFFERMP_2,-1,-1;ROADNAME 'ROADNAME' true true false 50 Text 0 0 ,First,#,X:\Production\Tmc_Data\Wilmington\ArcServer\ArcServer111017.mdb\Sample_Buffers,ROADNAME,-1,-1;BRANCHID 'BRANCHID' true true false 10 Text 0 0 ,First,#,X:\Production\Tmc_Data\Wilmington\ArcServer\ArcServer111017.mdb\Sample_Buffers,BRANCHID,-1,-1;SECTIONID 'SECTIONID' true true false 10 Text 0 0 ,First,#,X:\Production\Tmc_Data\Wilmington\ArcServer\ArcServer111017.mdb\Sample_Buffers,SECTIONID,-1,-1;WIDTH 'WIDTH' true true false 8 Double 0 0 ,First,#,X:\Production\Tmc_Data\Wilmington\ArcServer\ArcServer111017.mdb\Sample_Buffers,WIDTH,-1,-1;LENGTH 'LENGTH' true true false 8 Double 0 0 ,First,#,X:\Production\Tmc_Data\Wilmington\ArcServer\ArcServer111017.mdb\Sample_Buffers,LENGTH,-1,-1;SQFT 'SQFT' true true false 8 Double 0 0 ,First,#,X:\Production\Tmc_Data\Wilmington\ArcServer\ArcServer111017.mdb\Sample_Buffers,SQFT,-1,-1;SURVEY 'SURVEY' true true false 50 Text 0 0 ,First,#,X:\Production\Tmc_Data\Wilmington\ArcServer\ArcServer111017.mdb\Sample_Buffers,SURVEY,-1,-1;IMAGE_ 'IMAGE_' true true false 8 Double 0 0 ,First,#,X:\Production\Tmc_Data\Wilmington\ArcServer\ArcServer111017.mdb\Sample_Buffers,IMAGE_,-1,-1;NVS 'NVS' true true false 8 Double 0 0 ,First,#,X:\Production\Tmc_Data\Wilmington\ArcServer\ArcServer111017.mdb\Sample_Buffers,NVS,-1,-1;COMMENT 'COMMENT' true true false 50 Text 0 0 ,First,#,X:\Production\Tmc_Data\Wilmington\ArcServer\ArcServer111017.mdb\Sample_Buffers,COMMENT,-1,-1;NUMBEROFSL 'NUMBEROFSL' true true false 8 Double 0 0 ,First,#,X:\Production\Tmc_Data\Wilmington\ArcServer\ArcServer111017.mdb\Sample_Buffers,NUMBEROFSLABS,-1,-1;SLABWIDTH 'SLABWIDTH' true true false 8 Double 0 0 ,First,#,X:\Production\Tmc_Data\Wilmington\ArcServer\ArcServer111017.mdb\Sample_Buffers,SLABWIDTH,-1,-1;SLABLENGTH 'SLABLENGTH' true true false 8 Double 0 0 ,First,#,X:\Production\Tmc_Data\Wilmington\ArcServer\ArcServer111017.mdb\Sample_Buffers,SLABLENGTH,-1,-1;ALLIGATOR_ 'ALLIGATOR_' true true false 8 Double 0 0 ,First,#,X:\Production\Tmc_Data\Wilmington\ArcServer\ArcServer111017.mdb\Sample_Buffers,ALLIGATOR_L,-1,-1;ALLIGATOR1 'ALLIGATOR1' true true false 8 Double 0 0 ,First,#,X:\Production\Tmc_Data\Wilmington\ArcServer\ArcServer111017.mdb\Sample_Buffers,ALLIGATOR_M,-1,-1;ALLIGATO_1 'ALLIGATO_1' true true false 8 Double 0 0 ,First,#,X:\Production\Tmc_Data\Wilmington\ArcServer\ArcServer111017.mdb\Sample_Buffers,ALLIGATOR_H,-1,-1;BLOCK_L 'BLOCK_L' true true false 8 Double 0 0 ,First,#,X:\Production\Tmc_Data\Wilmington\ArcServer\ArcServer111017.mdb\Sample_Buffers,BLOCK_L,-1,-1;BLOCK_M 'BLOCK_M' true true false 8 Double 0 0 ,First,#,X:\Production\Tmc_Data\Wilmington\ArcServer\ArcServer111017.mdb\Sample_Buffers,BLOCK_M,-1,-1;BLOCK_H 'BLOCK_H' true true false 8 Double 0 0 ,First,#,X:\Production\Tmc_Data\Wilmington\ArcServer\ArcServer111017.mdb\Sample_Buffers,BLOCK_H,-1,-1;LONG_TRAN_ 'LONG_TRAN_' true true false 8 Double 0 0 ,First,#,X:\Production\Tmc_Data\Wilmington\ArcServer\ArcServer111017.mdb\Sample_Buffers,LONG_TRAN_L,-1,-1;LONG_TRAN1 'LONG_TRAN1' true true false 8 Double 0 0 ,First,#,X:\Production\Tmc_Data\Wilmington\ArcServer\ArcServer111017.mdb\Sample_Buffers,LONG_TRAN_M,-1,-1;LONG_TRA_1 'LONG_TRA_1' true true false 8 Double 0 0 ,First,#,X:\Production\Tmc_Data\Wilmington\ArcServer\ArcServer111017.mdb\Sample_Buffers,LONG_TRAN_H,-1,-1;PATCH_L 'PATCH_L' true true false 8 Double 0 0 ,First,#,X:\Production\Tmc_Data\Wilmington\ArcServer\ArcServer111017.mdb\Sample_Buffers,PATCH_L,-1,-1;PATCH_M 'PATCH_M' true true false 8 Double 0 0 ,First,#,X:\Production\Tmc_Data\Wilmington\ArcServer\ArcServer111017.mdb\Sample_Buffers,PATCH_M,-1,-1;PATCH_H 'PATCH_H' true true false 8 Double 0 0 ,First,#,X:\Production\Tmc_Data\Wilmington\ArcServer\ArcServer111017.mdb\Sample_Buffers,PATCH_H,-1,-1;POTHOLE_L 'POTHOLE_L' true true false 8 Double 0 0 ,First,#,X:\Production\Tmc_Data\Wilmington\ArcServer\ArcServer111017.mdb\Sample_Buffers,POTHOLE_L,-1,-1;POTHOLE_M 'POTHOLE_M' true true false 8 Double 0 0 ,First,#,X:\Production\Tmc_Data\Wilmington\ArcServer\ArcServer111017.mdb\Sample_Buffers,POTHOLE_M,-1,-1;POTHOLE_H 'POTHOLE_H' true true false 8 Double 0 0 ,First,#,X:\Production\Tmc_Data\Wilmington\ArcServer\ArcServer111017.mdb\Sample_Buffers,POTHOLE_H,-1,-1;WEATH_RAV_ 'WEATH_RAV_' true true false 8 Double 0 0 ,First,#,X:\Production\Tmc_Data\Wilmington\ArcServer\ArcServer111017.mdb\Sample_Buffers,WEATH_RAV_L,-1,-1;WEATH_RAV1 'WEATH_RAV1' true true false 8 Double 0 0 ,First,#,X:\Production\Tmc_Data\Wilmington\ArcServer\ArcServer111017.mdb\Sample_Buffers,WEATH_RAV_M,-1,-1;WEATH_RA_1 'WEATH_RA_1' true true false 8 Double 0 0 ,First,#,X:\Production\Tmc_Data\Wilmington\ArcServer\ArcServer111017.mdb\Sample_Buffers,WEATH_RAV_H,-1,-1;EDGE_L 'EDGE_L' true true false 8 Double 0 0 ,First,#,X:\Production\Tmc_Data\Wilmington\ArcServer\ArcServer111017.mdb\Sample_Buffers,EDGE_L,-1,-1;EDGE_M 'EDGE_M' true true false 8 Double 0 0 ,First,#,X:\Production\Tmc_Data\Wilmington\ArcServer\ArcServer111017.mdb\Sample_Buffers,EDGE_M,-1,-1;EDGE_H 'EDGE_H' true true false 8 Double 0 0 ,First,#,X:\Production\Tmc_Data\Wilmington\ArcServer\ArcServer111017.mdb\Sample_Buffers,EDGE_H,-1,-1;CORNER_BRE 'CORNER_BRE' true true false 8 Double 0 0 ,First,#,X:\Production\Tmc_Data\Wilmington\ArcServer\ArcServer111017.mdb\Sample_Buffers,CORNER_BREAKS_L,-1,-1;CORNER_B_1 'CORNER_B_1' true true false 8 Double 0 0 ,First,#,X:\Production\Tmc_Data\Wilmington\ArcServer\ArcServer111017.mdb\Sample_Buffers,CORNER_BREAKS_M,-1,-1;CORNER_B_2 'CORNER_B_2' true true false 8 Double 0 0 ,First,#,X:\Production\Tmc_Data\Wilmington\ArcServer\ArcServer111017.mdb\Sample_Buffers,CORNER_BREAKS_H,-1,-1;CON_PATCH_ 'CON_PATCH_' true true false 8 Double 0 0 ,First,#,X:\Production\Tmc_Data\Wilmington\ArcServer\ArcServer111017.mdb\Sample_Buffers,CON_PATCH_L,-1,-1;CON_PATCH1 'CON_PATCH1' true true false 8 Double 0 0 ,First,#,X:\Production\Tmc_Data\Wilmington\ArcServer\ArcServer111017.mdb\Sample_Buffers,CON_PATCH_M,-1,-1;CON_PATC_1 'CON_PATC_1' true true false 8 Double 0 0 ,First,#,X:\Production\Tmc_Data\Wilmington\ArcServer\ArcServer111017.mdb\Sample_Buffers,CON_PATCH_H,-1,-1;LINEAR_L 'LINEAR_L' true true false 8 Double 0 0 ,First,#,X:\Production\Tmc_Data\Wilmington\ArcServer\ArcServer111017.mdb\Sample_Buffers,LINEAR_L,-1,-1;LINEAR_M 'LINEAR_M' true true false 8 Double 0 0 ,First,#,X:\Production\Tmc_Data\Wilmington\ArcServer\ArcServer111017.mdb\Sample_Buffers,LINEAR_M,-1,-1;LINEAR_H 'LINEAR_H' true true false 8 Double 0 0 ,First,#,X:\Production\Tmc_Data\Wilmington\ArcServer\ArcServer111017.mdb\Sample_Buffers,LINEAR_H,-1,-1;DIV_SLAB_L 'DIV_SLAB_L' true true false 8 Double 0 0 ,First,#,X:\Production\Tmc_Data\Wilmington\ArcServer\ArcServer111017.mdb\Sample_Buffers,DIV_SLAB_L,-1,-1;DIV_SLAB_M 'DIV_SLAB_M' true true false 8 Double 0 0 ,First,#,X:\Production\Tmc_Data\Wilmington\ArcServer\ArcServer111017.mdb\Sample_Buffers,DIV_SLAB_M,-1,-1;DIV_SLAB_H 'DIV_SLAB_H' true true false 8 Double 0 0 ,First,#,X:\Production\Tmc_Data\Wilmington\ArcServer\ArcServer111017.mdb\Sample_Buffers,DIV_SLAB_H,-1,-1;INSP_DATE 'INSP_DATE' true true false 20 Text 0 0 ,First,#,X:\Production\Tmc_Data\Wilmington\ArcServer\ArcServer111017.mdb\Sample_Buffers,INSP_DATE,-1,-1;BUFFER_WID 'BUFFER_WID' true true false 2 Short 0 0 ,First,#,X:\Production\Tmc_Data\Wilmington\ArcServer\ArcServer111017.mdb\Sample_Buffers,BUFFER_WIDTH,-1,-1;NEW_COMMEN 'NEW_COMMEN' true true false 100 Text 0 0 ,First,#,X:\Production\Tmc_Data\Wilmington\ArcServer\ArcServer111017.mdb\Sample_Buffers,NEW_COMMENT,-1,-1;LOC_ERROR 'LOC_ERROR' true true false 50 Text 0 0 ,First,#,X:\Production\Tmc_Data\Wilmington\ArcServer\ArcServer111017.mdb\Sample_Buffers,LOC_ERROR,-1,-1;BUFF_DIST 'BUFF_DIST' true true false 8 Double 0 0 ,First,#,X:\Production\Tmc_Data\Wilmington\ArcServer\ArcServer111017.mdb\Sample_Buffers,BUFF_DIST,-1,-1;Shape_Leng 'Shape_Length' false true true 8 Double 0 0 ,First,#,X:\Production\Tmc_Data\Wilmington\ArcServer\ArcServer111017.mdb\Sample_Buffers,Shape_Length,-1,-1;Shape_Area 'Shape_Area' false true true 8 Double 0 0 ,First,#,X:\Production\Tmc_Data\Wilmington\ArcServer\ArcServer111017.mdb\Sample_Buffers,Shape_Area,-1,-1" # "C:\Documents and Settings\shale\Desktop\Wilmington_Sample_Buffers.shp"</Process></lineage></DataProperties><MetaID>{803D0ED3-16AA-4975-80F3-6DCC9E0A8983}</MetaID><SyncDate>20120129</SyncDate><SyncTime>08513200</SyncTime><ModDate>20120129</ModDate><ModTime>08513200</ModTime></Esri><idinfo><citation><citeinfo><onlink Sync="TRUE">\\TRANS-STATION12\C$\Documents and Settings\shale\Desktop\Wilmington_Sample_Buffers.shp</onlink><origin>REQUIRED: The name of an organization or individual that developed the data set.</origin><pubdate>REQUIRED: The date when the data set is published or otherwise made available for release.</pubdate><title Sync="TRUE">Wilmington_Sample_Buffers</title><ftname Sync="TRUE">Wilmington_Sample_Buffers</ftname><geoform Sync="TRUE">vector digital data</geoform></citeinfo></citation><native Sync="TRUE">Microsoft Windows XP Version 5.1 (Build 2600) Service Pack 3; ESRI ArcCatalog 9.3.1.3000</native><descript><langdata Sync="TRUE">en</langdata><abstract>REQUIRED: A brief narrative summary of the data set.</abstract><purpose>REQUIRED: A summary of the intentions with which the data set was developed.</purpose></descript><timeperd><current>REQUIRED: The basis on which the time period of content information is determined.</current><timeinfo><sngdate><caldate>REQUIRED: The year (and optionally month, or month and day) for which the data set corresponds to the ground.</caldate></sngdate></timeinfo></timeperd><status><progress>REQUIRED: The state of the data set.</progress><update>REQUIRED: The frequency with which changes and additions are made to the data set after the initial data set is completed.</update></status><spdom><bounding><westbc Sync="TRUE">REQUIRED: Western-most coordinate of the limit of coverage expressed in longitude.</westbc><eastbc Sync="TRUE">REQUIRED: Eastern-most coordinate of the limit of coverage expressed in longitude.</eastbc><northbc Sync="TRUE">REQUIRED: Northern-most coordinate of the limit of coverage expressed in latitude.</northbc><southbc Sync="TRUE">REQUIRED: Southern-most coordinate of the limit of coverage expressed in latitude.</southbc></bounding></spdom><keywords><theme><themekt>REQUIRED: Reference to a formally registered thesaurus or a similar authoritative source of theme keywords.</themekt><themekey>REQUIRED: Common-use word or phrase used to describe the subject of the data set.</themekey></theme></keywords><accconst>REQUIRED: Restrictions and legal prerequisites for accessing the data set.</accconst><useconst>REQUIRED: Restrictions and legal prerequisites for using the data set after access is granted.</useconst><natvform Sync="TRUE">Shapefile</natvform></idinfo><distInfo><distributor><distorTran><onLineSrc><linkage Sync="TRUE">file://\\TRANS-STATION12\C$\Documents and Settings\shale\Desktop\Wilmington_Sample_Buffers.shp</linkage><protocol Sync="TRUE">Local Area Network</protocol><orDesc Sync="TRUE">002</orDesc></onLineSrc><transSize Sync="TRUE">0.000</transSize></distorTran><distorFormat><formatName Sync="TRUE">Shapefile</formatName></distorFormat></distributor></distInfo><dataqual><lineage><procstep><procdesc Sync="TRUE">Dataset copied.</procdesc><srcused Sync="TRUE">\\trans-ad1\shared\Production\Tmc_Data\Wilmington\Delivery\111017\Pavement.mdb</srcused><procdate Sync="TRUE">20111017</procdate><proctime Sync="TRUE">15385000</proctime></procstep></lineage></dataqual><dataIdInfo><envirDesc Sync="TRUE">Microsoft Windows XP Version 5.1 (Build 2600) Service Pack 3; ESRI ArcCatalog 9.3.1.3000</envirDesc><dataLang><languageCode Sync="TRUE" value="en"></languageCode></dataLang><idCitation><resTitle Sync="TRUE">Wilmington_Sample_Buffers</resTitle><presForm><PresFormCd Sync="TRUE" value="005"></PresFormCd></presForm></idCitation><spatRpType><SpatRepTypCd Sync="TRUE" value="001"></SpatRepTypCd></spatRpType></dataIdInfo><metainfo><langmeta Sync="TRUE">en</langmeta><metstdn Sync="TRUE">FGDC Content Standards for Digital Geospatial Metadata</metstdn><metstdv Sync="TRUE">FGDC-STD-001-1998</metstdv><mettc Sync="TRUE">local time</mettc><metextns><onlink Sync="TRUE">http://www.esri.com/metadata/esriprof80.html</onlink><metprof Sync="TRUE">ESRI Metadata Profile</metprof></metextns><metc><cntinfo><cntorgp><cntper>REQUIRED: The person responsible for the metadata information.</cntper><cntorg>REQUIRED: The organization responsible for the metadata information.</cntorg></cntorgp><cntaddr><addrtype>REQUIRED: The mailing and/or physical address for the organization or individual.</addrtype><city>REQUIRED: The city of the address.</city><state>REQUIRED: The state or province of the address.</state><postal>REQUIRED: The ZIP or other postal code of the address.</postal></cntaddr><cntvoice>REQUIRED: The telephone number by which individuals can speak to the organization or individual.</cntvoice></cntinfo></metc><metd Sync="TRUE">20120129</metd></metainfo><mdLang><languageCode Sync="TRUE" value="en"></languageCode></mdLang><mdStanName Sync="TRUE">ISO 19115 Geographic Information - Metadata</mdStanName><mdStanVer Sync="TRUE">DIS_ESRI1.0</mdStanVer><mdChar><CharSetCd Sync="TRUE" value="004"></CharSetCd></mdChar><mdHrLv><ScopeCd Sync="TRUE" value="005"></ScopeCd></mdHrLv><mdHrLvName Sync="TRUE">dataset</mdHrLvName><distinfo><resdesc Sync="TRUE">Downloadable Data</resdesc><stdorder><digform><digtinfo><transize Sync="TRUE">0.000</transize><dssize Sync="TRUE">0.000</dssize></digtinfo></digform></stdorder></distinfo><spdoinfo><direct Sync="TRUE">Vector</direct><ptvctinf><esriterm Name="Wilmington_Sample_Buffers"><efeatyp Sync="TRUE">Simple</efeatyp><efeageom Sync="TRUE">Polygon</efeageom><esritopo Sync="TRUE">FALSE</esritopo><efeacnt Sync="TRUE">0</efeacnt><spindex Sync="TRUE">FALSE</spindex><linrefer Sync="TRUE">FALSE</linrefer></esriterm><sdtsterm Name="Wilmington_Sample_Buffers"><sdtstype Sync="TRUE">G-polygon</sdtstype><ptvctcnt Sync="TRUE">0</ptvctcnt></sdtsterm></ptvctinf></spdoinfo><spref><horizsys><cordsysn><geogcsn Sync="TRUE">GCS_North_American_1983</geogcsn><projcsn Sync="TRUE">NAD_1983_StatePlane_North_Carolina_FIPS_3200_Feet</projcsn></cordsysn><planar><mapproj><mapprojn Sync="TRUE">Lambert Conformal Conic</mapprojn><lambertc><stdparll Sync="TRUE">34.333333</stdparll><stdparll Sync="TRUE">36.166667</stdparll><longcm Sync="TRUE">-79.000000</longcm><latprjo Sync="TRUE">33.750000</latprjo><feast Sync="TRUE">2000000.002617</feast><fnorth Sync="TRUE">0.000000</fnorth></lambertc></mapproj><planci><plance Sync="TRUE">coordinate pair</plance><plandu Sync="TRUE">survey feet</plandu><coordrep><absres Sync="TRUE">0.000000</absres><ordres Sync="TRUE">0.000000</ordres></coordrep></planci></planar><geodetic><horizdn Sync="TRUE">North American Datum of 1983</horizdn><ellips Sync="TRUE">Geodetic Reference System 80</ellips><semiaxis Sync="TRUE">6378137.000000</semiaxis><denflat Sync="TRUE">298.257222</denflat></geodetic></horizsys></spref><refSysInfo><RefSystem><refSysID><identCode Sync="TRUE">NAD_1983_StatePlane_North_Carolina_FIPS_3200_Feet</identCode></refSysID></RefSystem></refSysInfo><spatRepInfo><VectSpatRep><topLvl><TopoLevCd Sync="TRUE" value="001"></TopoLevCd></topLvl><geometObjs Name="Wilmington_Sample_Buffers"><geoObjTyp><GeoObjTypCd Sync="TRUE" value="001"></GeoObjTypCd></geoObjTyp><geoObjCnt Sync="TRUE">0</geoObjCnt></geometObjs></VectSpatRep></spatRepInfo><eainfo><detailed Name="Wilmington_Sample_Buffers"><enttyp><enttypl Sync="TRUE">Wilmington_Sample_Buffers</enttypl><enttypt Sync="TRUE">Feature Class</enttypt><enttypc Sync="TRUE">0</enttypc></enttyp><attr><attrlabl Sync="TRUE">FID</attrlabl><attalias Sync="TRUE">FID</attalias><attrtype Sync="TRUE">OID</attrtype><attwidth Sync="TRUE">4</attwidth><atprecis Sync="TRUE">0</atprecis><attscale Sync="TRUE">0</attscale><attrdef Sync="TRUE">Internal feature number.</attrdef><attrdefs Sync="TRUE">ESRI</attrdefs><attrdomv><udom Sync="TRUE">Sequential unique whole numbers that are automatically generated.</udom></attrdomv></attr><attr><attrlabl Sync="TRUE">Shape</attrlabl><attalias Sync="TRUE">Shape</attalias><attrtype Sync="TRUE">Geometry</attrtype><attwidth Sync="TRUE">0</attwidth><atprecis Sync="TRUE">0</atprecis><attscale Sync="TRUE">0</attscale><attrdef Sync="TRUE">Feature geometry.</attrdef><attrdefs Sync="TRUE">ESRI</attrdefs><attrdomv><udom Sync="TRUE">Coordinates defining the features.</udom></attrdomv></attr><attr><attrlabl Sync="TRUE">LineID</attrlabl><attalias Sync="TRUE">LineID</attalias><attrtype Sync="TRUE">Number</attrtype><attwidth Sync="TRUE">9</attwidth></attr><attr><attrlabl Sync="TRUE">SampleNumb</attrlabl><attalias Sync="TRUE">SampleNumb</attalias><attrtype Sync="TRUE">String</attrtype><attwidth Sync="TRUE">254</attwidth></attr><attr><attrlabl Sync="TRUE">Milepost</attrlabl><attalias Sync="TRUE">Milepost</attalias><attrtype Sync="TRUE">Float</attrtype><attwidth Sync="TRUE">19</attwidth><atnumdec Sync="TRUE">11</atnumdec></attr><attr><attrlabl Sync="TRUE">ToMp</attrlabl><attalias Sync="TRUE">ToMp</attalias><attrtype Sync="TRUE">Float</attrtype><attwidth Sync="TRUE">19</attwidth><atnumdec Sync="TRUE">11</atnumdec></attr><attr><attrlabl Sync="TRUE">Distance</attrlabl><attalias Sync="TRUE">Distance</attalias><attrtype Sync="TRUE">Float</attrtype><attwidth Sync="TRUE">19</attwidth><atnumdec Sync="TRUE">11</atnumdec></attr><attr><attrlabl Sync="TRUE">LRSFROMMP</attrlabl><attalias Sync="TRUE">LRSFROMMP</attalias><attrtype Sync="TRUE">Float</attrtype><attwidth Sync="TRUE">19</attwidth><atnumdec Sync="TRUE">11</atnumdec></attr><attr><attrlabl Sync="TRUE">LRSTOMP</attrlabl><attalias Sync="TRUE">LRSTOMP</attalias><attrtype Sync="TRUE">Float</attrtype><attwidth Sync="TRUE">19</attwidth><atnumdec Sync="TRUE">11</atnumdec></attr><attr><attrlabl Sync="TRUE">BUFFERMP_1</attrlabl><attalias Sync="TRUE">BUFFERMP_1</attalias><attrtype Sync="TRUE">Float</attrtype><attwidth Sync="TRUE">19</attwidth><atnumdec Sync="TRUE">11</atnumdec></attr><attr><attrlabl Sync="TRUE">BUFFERMP_2</attrlabl><attalias Sync="TRUE">BUFFERMP_2</attalias><attrtype Sync="TRUE">Float</attrtype><attwidth Sync="TRUE">19</attwidth><atnumdec Sync="TRUE">11</atnumdec></attr><attr><attrlabl Sync="TRUE">ROADNAME</attrlabl><attalias Sync="TRUE">ROADNAME</attalias><attrtype Sync="TRUE">String</attrtype><attwidth Sync="TRUE">50</attwidth></attr><attr><attrlabl Sync="TRUE">BRANCHID</attrlabl><attalias Sync="TRUE">BRANCHID</attalias><attrtype Sync="TRUE">String</attrtype><attwidth Sync="TRUE">10</attwidth></attr><attr><attrlabl Sync="TRUE">SECTIONID</attrlabl><attalias Sync="TRUE">SECTIONID</attalias><attrtype Sync="TRUE">String</attrtype><attwidth Sync="TRUE">10</attwidth></attr><attr><attrlabl Sync="TRUE">WIDTH</attrlabl><attalias Sync="TRUE">WIDTH</attalias><attrtype Sync="TRUE">Float</attrtype><attwidth Sync="TRUE">19</attwidth><atnumdec Sync="TRUE">11</atnumdec></attr><attr><attrlabl Sync="TRUE">LENGTH</attrlabl><attalias Sync="TRUE">LENGTH</attalias><attrtype Sync="TRUE">Float</attrtype><attwidth Sync="TRUE">19</attwidth><atnumdec Sync="TRUE">11</atnumdec></attr><attr><attrlabl Sync="TRUE">SQFT</attrlabl><attalias Sync="TRUE">SQFT</attalias><attrtype Sync="TRUE">Float</attrtype><attwidth Sync="TRUE">19</attwidth><atnumdec Sync="TRUE">11</atnumdec></attr><attr><attrlabl Sync="TRUE">SURVEY</attrlabl><attalias Sync="TRUE">SURVEY</attalias><attrtype Sync="TRUE">String</attrtype><attwidth Sync="TRUE">50</attwidth></attr><attr><attrlabl Sync="TRUE">IMAGE_</attrlabl><attalias Sync="TRUE">IMAGE_</attalias><attrtype Sync="TRUE">Float</attrtype><attwidth Sync="TRUE">19</attwidth><atnumdec Sync="TRUE">11</atnumdec></attr><attr><attrlabl Sync="TRUE">NVS</attrlabl><attalias Sync="TRUE">NVS</attalias><attrtype Sync="TRUE">Float</attrtype><attwidth Sync="TRUE">19</attwidth><atnumdec Sync="TRUE">11</atnumdec></attr><attr><attrlabl Sync="TRUE">COMMENT</attrlabl><attalias Sync="TRUE">COMMENT</attalias><attrtype Sync="TRUE">String</attrtype><attwidth Sync="TRUE">50</attwidth></attr><attr><attrlabl Sync="TRUE">NUMBEROFSL</attrlabl><attalias Sync="TRUE">NUMBEROFSL</attalias><attrtype Sync="TRUE">Float</attrtype><attwidth Sync="TRUE">19</attwidth><atnumdec Sync="TRUE">11</atnumdec></attr><attr><attrlabl Sync="TRUE">SLABWIDTH</attrlabl><attalias Sync="TRUE">SLABWIDTH</attalias><attrtype Sync="TRUE">Float</attrtype><attwidth Sync="TRUE">19</attwidth><atnumdec Sync="TRUE">11</atnumdec></attr><attr><attrlabl Sync="TRUE">SLABLENGTH</attrlabl><attalias Sync="TRUE">SLABLENGTH</attalias><attrtype Sync="TRUE">Float</attrtype><attwidth Sync="TRUE">19</attwidth><atnumdec Sync="TRUE">11</atnumdec></attr><attr><attrlabl Sync="TRUE">ALLIGATOR_</attrlabl><attalias Sync="TRUE">ALLIGATOR_</attalias><attrtype Sync="TRUE">Float</attrtype><attwidth Sync="TRUE">19</attwidth><atnumdec Sync="TRUE">11</atnumdec></attr><attr><attrlabl Sync="TRUE">ALLIGATOR1</attrlabl><attalias Sync="TRUE">ALLIGATOR1</attalias><attrtype Sync="TRUE">Float</attrtype><attwidth Sync="TRUE">19</attwidth><atnumdec Sync="TRUE">11</atnumdec></attr><attr><attrlabl Sync="TRUE">ALLIGATO_1</attrlabl><attalias Sync="TRUE">ALLIGATO_1</attalias><attrtype Sync="TRUE">Float</attrtype><attwidth Sync="TRUE">19</attwidth><atnumdec Sync="TRUE">11</atnumdec></attr><attr><attrlabl Sync="TRUE">BLOCK_L</attrlabl><attalias Sync="TRUE">BLOCK_L</attalias><attrtype Sync="TRUE">Float</attrtype><attwidth Sync="TRUE">19</attwidth><atnumdec Sync="TRUE">11</atnumdec></attr><attr><attrlabl Sync="TRUE">BLOCK_M</attrlabl><attalias Sync="TRUE">BLOCK_M</attalias><attrtype Sync="TRUE">Float</attrtype><attwidth Sync="TRUE">19</attwidth><atnumdec Sync="TRUE">11</atnumdec></attr><attr><attrlabl Sync="TRUE">BLOCK_H</attrlabl><attalias Sync="TRUE">BLOCK_H</attalias><attrtype Sync="TRUE">Float</attrtype><attwidth Sync="TRUE">19</attwidth><atnumdec Sync="TRUE">11</atnumdec></attr><attr><attrlabl Sync="TRUE">LONG_TRAN_</attrlabl><attalias Sync="TRUE">LONG_TRAN_</attalias><attrtype Sync="TRUE">Float</attrtype><attwidth Sync="TRUE">19</attwidth><atnumdec Sync="TRUE">11</atnumdec></attr><attr><attrlabl Sync="TRUE">LONG_TRAN1</attrlabl><attalias Sync="TRUE">LONG_TRAN1</attalias><attrtype Sync="TRUE">Float</attrtype><attwidth Sync="TRUE">19</attwidth><atnumdec Sync="TRUE">11</atnumdec></attr><attr><attrlabl Sync="TRUE">LONG_TRA_1</attrlabl><attalias Sync="TRUE">LONG_TRA_1</attalias><attrtype Sync="TRUE">Float</attrtype><attwidth Sync="TRUE">19</attwidth><atnumdec Sync="TRUE">11</atnumdec></attr><attr><attrlabl Sync="TRUE">PATCH_L</attrlabl><attalias Sync="TRUE">PATCH_L</attalias><attrtype Sync="TRUE">Float</attrtype><attwidth Sync="TRUE">19</attwidth><atnumdec Sync="TRUE">11</atnumdec></attr><attr><attrlabl Sync="TRUE">PATCH_M</attrlabl><attalias Sync="TRUE">PATCH_M</attalias><attrtype Sync="TRUE">Float</attrtype><attwidth Sync="TRUE">19</attwidth><atnumdec Sync="TRUE">11</atnumdec></attr><attr><attrlabl Sync="TRUE">PATCH_H</attrlabl><attalias Sync="TRUE">PATCH_H</attalias><attrtype Sync="TRUE">Float</attrtype><attwidth Sync="TRUE">19</attwidth><atnumdec Sync="TRUE">11</atnumdec></attr><attr><attrlabl Sync="TRUE">POTHOLE_L</attrlabl><attalias Sync="TRUE">POTHOLE_L</attalias><attrtype Sync="TRUE">Float</attrtype><attwidth Sync="TRUE">19</attwidth><atnumdec Sync="TRUE">11</atnumdec></attr><attr><attrlabl Sync="TRUE">POTHOLE_M</attrlabl><attalias Sync="TRUE">POTHOLE_M</attalias><attrtype Sync="TRUE">Float</attrtype><attwidth Sync="TRUE">19</attwidth><atnumdec Sync="TRUE">11</atnumdec></attr><attr><attrlabl Sync="TRUE">POTHOLE_H</attrlabl><attalias Sync="TRUE">POTHOLE_H</attalias><attrtype Sync="TRUE">Float</attrtype><attwidth Sync="TRUE">19</attwidth><atnumdec Sync="TRUE">11</atnumdec></attr><attr><attrlabl Sync="TRUE">WEATH_RAV_</attrlabl><attalias Sync="TRUE">WEATH_RAV_</attalias><attrtype Sync="TRUE">Float</attrtype><attwidth Sync="TRUE">19</attwidth><atnumdec Sync="TRUE">11</atnumdec></attr><attr><attrlabl Sync="TRUE">WEATH_RAV1</attrlabl><attalias Sync="TRUE">WEATH_RAV1</attalias><attrtype Sync="TRUE">Float</attrtype><attwidth Sync="TRUE">19</attwidth><atnumdec Sync="TRUE">11</atnumdec></attr><attr><attrlabl Sync="TRUE">WEATH_RA_1</attrlabl><attalias Sync="TRUE">WEATH_RA_1</attalias><attrtype Sync="TRUE">Float</attrtype><attwidth Sync="TRUE">19</attwidth><atnumdec Sync="TRUE">11</atnumdec></attr><attr><attrlabl Sync="TRUE">EDGE_L</attrlabl><attalias Sync="TRUE">EDGE_L</attalias><attrtype Sync="TRUE">Float</attrtype><attwidth Sync="TRUE">19</attwidth><atnumdec Sync="TRUE">11</atnumdec></attr><attr><attrlabl Sync="TRUE">EDGE_M</attrlabl><attalias Sync="TRUE">EDGE_M</attalias><attrtype Sync="TRUE">Float</attrtype><attwidth Sync="TRUE">19</attwidth><atnumdec Sync="TRUE">11</atnumdec></attr><attr><attrlabl Sync="TRUE">EDGE_H</attrlabl><attalias Sync="TRUE">EDGE_H</attalias><attrtype Sync="TRUE">Float</attrtype><attwidth Sync="TRUE">19</attwidth><atnumdec Sync="TRUE">11</atnumdec></attr><attr><attrlabl Sync="TRUE">CORNER_BRE</attrlabl><attalias Sync="TRUE">CORNER_BRE</attalias><attrtype Sync="TRUE">Float</attrtype><attwidth Sync="TRUE">19</attwidth><atnumdec Sync="TRUE">11</atnumdec></attr><attr><attrlabl Sync="TRUE">CORNER_B_1</attrlabl><attalias Sync="TRUE">CORNER_B_1</attalias><attrtype Sync="TRUE">Float</attrtype><attwidth Sync="TRUE">19</attwidth><atnumdec Sync="TRUE">11</atnumdec></attr><attr><attrlabl Sync="TRUE">CORNER_B_2</attrlabl><attalias Sync="TRUE">CORNER_B_2</attalias><attrtype Sync="TRUE">Float</attrtype><attwidth Sync="TRUE">19</attwidth><atnumdec Sync="TRUE">11</atnumdec></attr><attr><attrlabl Sync="TRUE">CON_PATCH_</attrlabl><attalias Sync="TRUE">CON_PATCH_</attalias><attrtype Sync="TRUE">Float</attrtype><attwidth Sync="TRUE">19</attwidth><atnumdec Sync="TRUE">11</atnumdec></attr><attr><attrlabl Sync="TRUE">CON_PATCH1</attrlabl><attalias Sync="TRUE">CON_PATCH1</attalias><attrtype Sync="TRUE">Float</attrtype><attwidth Sync="TRUE">19</attwidth><atnumdec Sync="TRUE">11</atnumdec></attr><attr><attrlabl Sync="TRUE">CON_PATC_1</attrlabl><attalias Sync="TRUE">CON_PATC_1</attalias><attrtype Sync="TRUE">Float</attrtype><attwidth Sync="TRUE">19</attwidth><atnumdec Sync="TRUE">11</atnumdec></attr><attr><attrlabl Sync="TRUE">LINEAR_L</attrlabl><attalias Sync="TRUE">LINEAR_L</attalias><attrtype Sync="TRUE">Float</attrtype><attwidth Sync="TRUE">19</attwidth><atnumdec Sync="TRUE">11</atnumdec></attr><attr><attrlabl Sync="TRUE">LINEAR_M</attrlabl><attalias Sync="TRUE">LINEAR_M</attalias><attrtype Sync="TRUE">Float</attrtype><attwidth Sync="TRUE">19</attwidth><atnumdec Sync="TRUE">11</atnumdec></attr><attr><attrlabl Sync="TRUE">LINEAR_H</attrlabl><attalias Sync="TRUE">LINEAR_H</attalias><attrtype Sync="TRUE">Float</attrtype><attwidth Sync="TRUE">19</attwidth><atnumdec Sync="TRUE">11</atnumdec></attr><attr><attrlabl Sync="TRUE">DIV_SLAB_L</attrlabl><attalias Sync="TRUE">DIV_SLAB_L</attalias><attrtype Sync="TRUE">Float</attrtype><attwidth Sync="TRUE">19</attwidth><atnumdec Sync="TRUE">11</atnumdec></attr><attr><attrlabl Sync="TRUE">DIV_SLAB_M</attrlabl><attalias Sync="TRUE">DIV_SLAB_M</attalias><attrtype Sync="TRUE">Float</attrtype><attwidth Sync="TRUE">19</attwidth><atnumdec Sync="TRUE">11</atnumdec></attr><attr><attrlabl Sync="TRUE">DIV_SLAB_H</attrlabl><attalias Sync="TRUE">DIV_SLAB_H</attalias><attrtype Sync="TRUE">Float</attrtype><attwidth Sync="TRUE">19</attwidth><atnumdec Sync="TRUE">11</atnumdec></attr><attr><attrlabl Sync="TRUE">INSP_DATE</attrlabl><attalias Sync="TRUE">INSP_DATE</attalias><attrtype Sync="TRUE">String</attrtype><attwidth Sync="TRUE">20</attwidth></attr><attr><attrlabl Sync="TRUE">BUFFER_WID</attrlabl><attalias Sync="TRUE">BUFFER_WID</attalias><attrtype Sync="TRUE">Number</attrtype><attwidth Sync="TRUE">4</attwidth></attr><attr><attrlabl Sync="TRUE">NEW_COMMEN</attrlabl><attalias Sync="TRUE">NEW_COMMEN</attalias><attrtype Sync="TRUE">String</attrtype><attwidth Sync="TRUE">100</attwidth></attr><attr><attrlabl Sync="TRUE">LOC_ERROR</attrlabl><attalias Sync="TRUE">LOC_ERROR</attalias><attrtype Sync="TRUE">String</attrtype><attwidth Sync="TRUE">50</attwidth></attr><attr><attrlabl Sync="TRUE">BUFF_DIST</attrlabl><attalias Sync="TRUE">BUFF_DIST</attalias><attrtype Sync="TRUE">Float</attrtype><attwidth Sync="TRUE">19</attwidth><atnumdec Sync="TRUE">11</atnumdec></attr><attr><attrlabl Sync="TRUE">Shape_Leng</attrlabl><attalias Sync="TRUE">Shape_Leng</attalias><attrtype Sync="TRUE">Float</attrtype><attwidth Sync="TRUE">19</attwidth><atnumdec Sync="TRUE">11</atnumdec></attr><attr><attrlabl Sync="TRUE">Shape_Area</attrlabl><attalias Sync="TRUE">Shape_Area</attalias><attrtype Sync="TRUE">Float</attrtype><attwidth Sync="TRUE">19</attwidth><attrdef Sync="TRUE">Area of feature in internal units squared.</attrdef><attrdefs Sync="TRUE">ESRI</attrdefs><attrdomv><udom Sync="TRUE">Positive real numbers that are automatically generated.</udom></attrdomv><atnumdec Sync="TRUE">11</atnumdec></attr></detailed></eainfo><mdDateSt Sync="TRUE">20120129</mdDateSt></metadata>
